<application>
  <component name="DebuggerSettings">
    <option name="SHOW_ALTERNATIVE_SOURCE" value="false" />
    <option name="RUN_HOTSWAP_AFTER_COMPILE" value="RunHotswapAlways" />
    <option name="INSTRUMENTING_AGENT" value="false" />
    <filter>
      <option name="PATTERN" value="com.sun.*" />
      <option name="ENABLED" value="true" />
      <option name="INCLUDE" value="true" />
    </filter>
    <filter>
      <option name="PATTERN" value="java.*" />
      <option name="ENABLED" value="true" />
      <option name="INCLUDE" value="true" />
    </filter>
    <filter>
      <option name="PATTERN" value="javax.*" />
      <option name="ENABLED" value="true" />
      <option name="INCLUDE" value="true" />
    </filter>
    <filter>
      <option name="PATTERN" value="org.omg.*" />
      <option name="ENABLED" value="true" />
      <option name="INCLUDE" value="true" />
    </filter>
    <filter>
      <option name="PATTERN" value="sun.*" />
      <option name="ENABLED" value="true" />
      <option name="INCLUDE" value="true" />
    </filter>
    <filter>
      <option name="PATTERN" value="jdk.internal.*" />
      <option name="ENABLED" value="true" />
      <option name="INCLUDE" value="true" />
    </filter>
    <filter>
      <option name="PATTERN" value="junit.*" />
      <option name="ENABLED" value="true" />
      <option name="INCLUDE" value="true" />
    </filter>
    <filter>
      <option name="PATTERN" value="com.intellij.rt.*" />
      <option name="ENABLED" value="true" />
      <option name="INCLUDE" value="true" />
    </filter>
    <filter>
      <option name="PATTERN" value="com.yourkit.runtime.*" />
      <option name="ENABLED" value="true" />
      <option name="INCLUDE" value="true" />
    </filter>
    <filter>
      <option name="PATTERN" value="com.springsource.loaded.*" />
      <option name="ENABLED" value="true" />
      <option name="INCLUDE" value="true" />
    </filter>
    <filter>
      <option name="PATTERN" value="org.springsource.loaded.*" />
      <option name="ENABLED" value="true" />
      <option name="INCLUDE" value="true" />
    </filter>
    <filter>
      <option name="PATTERN" value="javassist.*" />
      <option name="ENABLED" value="true" />
      <option name="INCLUDE" value="true" />
    </filter>
    <filter>
      <option name="PATTERN" value="org.apache.webbeans.*" />
      <option name="ENABLED" value="true" />
      <option name="INCLUDE" value="true" />
    </filter>
    <filter>
      <option name="PATTERN" value="com.ibm.ws.*" />
      <option name="ENABLED" value="true" />
      <option name="INCLUDE" value="true" />
    </filter>
    <filter>
      <option name="PATTERN" value="kotlin.*" />
      <option name="ENABLED" value="true" />
      <option name="INCLUDE" value="true" />
    </filter>
  </component>
  <component name="NodeRendererSettings">
    <CustomRenderers VERSION="8">
      <Renderer ID="CompoundTypeRenderer">
        <option name="ENABLED" value="true" />
        <option name="QUALIFIED_NAME" value="com.alibaba.fastjson.JSONArray" />
        <Renderer ID="EnumerationChildrenRenderer" role="children">
          <option name="QUALIFIED_NAME" value="com.alibaba.fastjson.JSONArray" />
          <option name="AppendDefault" value="true" />
        </Renderer>
      </Renderer>
    </CustomRenderers>
  </component>
  <component name="ThreadsViewSettings">
    <option name="SHOW_SOURCE_NAME" value="true" />
    <option name="SHOW_ARGUMENTS_TYPES" value="true" />
  </component>
  <component name="XDebuggerSettings">
    <data-views />
    <general>
      <evaluation-dialog-mode>CODE_FRAGMENT</evaluation-dialog-mode>
    </general>
    <debuggers>
      <debugger id="javascript">
        <configuration>
          <custom-object-presentation />
        </configuration>
      </debugger>
      <debugger id="kotlin_debugger">
        <configuration>
          <option name="DEBUG_IS_FILTER_FOR_STDLIB_ALREADY_ADDED" value="true" />
        </configuration>
      </debugger>
    </debuggers>
  </component>
</application>