<application>
  <component name="DefaultFont">
    <option name="FONT_SIZE" value="16" />
    <option name="FONT_FAMILY" value="Inconsolata" />
    <option name="LINE_SPACING" value="0.9" />
  </component>
  <component name="EditorSettings">
    <option name="languageBreadcrumbsMap">
      <map>
        <entry key="JAVA" value="true" />
      </map>
    </option>
    <option name="USE_SOFT_WRAPS" value="CONSOLE" />
  </component>
  <component name="TodoConfiguration">
    <pattern pattern="\b(todo|fixme|youshabi)\b.*" />
    <pattern icon="question" useCustomColors="true" pattern="\b(lsx|willrelease|deprecated)\b.*">
      <option name="FOREGROUND" value="6ab8db" />
      <option name="BACKGROUND" value="3c3f41" />
      <option name="FONT_TYPE" value="2" />
      <option name="ERROR_STRIPE_COLOR" value="977ab" />
    </pattern>
    <filter name="查找我自己的todo和查找后续将要解封的代码">
      <pattern index="1" />
    </filter>
  </component>
</application>