<application>
  <component name="FileTypeManager" version="17">
    <ignoreFiles list="*.hprof;*.idea;*.iml;*.pyc;*.pyo;*.rbc;*.yarb;*~;.DS_Store;.git;.hg;.svn;CVS;__pycache__;_svn;vssver.scc;vssver2.scc;" />
    <extensionMap>
      <mapping pattern="*.js.flow" type="Flow" />
      <mapping pattern="*.js.flow" type="Flow" />
      <mapping pattern="T1" type="JAVA" />
      <mapping ext="gradle.kts" type="Kotlin" />
      <mapping pattern="properties" type="PLAIN_TEXT" />
      <mapping pattern="change_sexy" type="PLAIN_TEXT" />
      <mapping pattern="druidproperties" type="PLAIN_TEXT" />
      <mapping pattern="DockerfileProd" type="PLAIN_TEXT" />
      <mapping pattern="change_sexy.sql" type="PLAIN_TEXT" />
      <mapping pattern="savedgames" type="PLAIN_TEXT" />
      <mapping ext="os" type="PLAIN_TEXT" />
      <mapping ext="jpg-m" type="PLAIN_TEXT" />
      <mapping ext="session" type="PLAIN_TEXT" />
      <mapping ext="alt" type="PLAIN_TEXT" />
      <mapping ext="000234" type="PLAIN_TEXT" />
      <mapping ext="jks" type="PLAIN_TEXT" />
      <mapping ext="p[roperties" type="PLAIN_TEXT" />
      <mapping ext="ini" type="PLAIN_TEXT" />
      <mapping pattern="applicationContext-dao" type="XML" />
      <mapping pattern="IUserDao" type="XML" />
    </extensionMap>
  </component>
</application>