<application>
  <component name="ProjectManager">
    <defaultProject>
      <component name="CheckStyle-IDEA">
        <option name="configuration">
          <map>
            <entry key="checkstyle-version" value="8.41.1" />
            <entry key="copy-libs" value="true" />
            <entry key="location-0" value="BUNDLED:(bundled):Sun Checks" />
            <entry key="location-1" value="BUNDLED:(bundled):Google Checks" />
            <entry key="scan-before-checkin" value="false" />
            <entry key="scanscope" value="JavaOnly" />
            <entry key="suppress-errors" value="false" />
          </map>
        </option>
      </component>
      <component name="CompilerConfiguration">
        <option name="USE_RELEASE_OPTION" value="false" />
        <annotationProcessing>
          <profile default="true" name="Default" enabled="true" />
        </annotationProcessing>
        <bytecodeTargetLevel target="8" />
      </component>
      <component name="EasyCodeTableSetting">
        <option name="tableInfoMap">
          <map>
            <entry key="Mongo.sweet7-mongo-dev.log_coupon">
              <value>
                <TableInfoDTO>
                  <option name="fullColumn">
                    <list>
                      <ColumnInfoDTO>
                        <option name="custom" value="false" />
                        <option name="ext" value="{}" />
                        <option name="name" value="Id" />
                        <option name="type" value="java.lang.String" />
                      </ColumnInfoDTO>
                      <ColumnInfoDTO>
                        <option name="custom" value="false" />
                        <option name="ext" value="{}" />
                        <option name="name" value="Class" />
                        <option name="type" value="java.lang.String" />
                      </ColumnInfoDTO>
                      <ColumnInfoDTO>
                        <option name="custom" value="false" />
                        <option name="ext" value="{}" />
                        <option name="name" value="content" />
                        <option name="type" value="java.lang.String" />
                      </ColumnInfoDTO>
                      <ColumnInfoDTO>
                        <option name="custom" value="false" />
                        <option name="ext" value="{}" />
                        <option name="name" value="createdtime" />
                        <option name="type" value="java.lang.String" />
                      </ColumnInfoDTO>
                      <ColumnInfoDTO>
                        <option name="custom" value="false" />
                        <option name="ext" value="{}" />
                        <option name="name" value="errormsg" />
                        <option name="type" value="java.lang.String" />
                      </ColumnInfoDTO>
                      <ColumnInfoDTO>
                        <option name="custom" value="false" />
                        <option name="ext" value="{}" />
                        <option name="name" value="size" />
                        <option name="type" value="java.lang.Integer" />
                      </ColumnInfoDTO>
                      <ColumnInfoDTO>
                        <option name="custom" value="false" />
                        <option name="ext" value="{}" />
                        <option name="name" value="type" />
                        <option name="type" value="java.lang.String" />
                      </ColumnInfoDTO>
                    </list>
                  </option>
                  <option name="name" value="LogCoupon" />
                  <option name="preName" value="" />
                  <option name="saveModelName" value="" />
                  <option name="savePackageName" value="" />
                  <option name="savePath" value="" />
                  <option name="templateGroupName" value="" />
                </TableInfoDTO>
              </value>
            </entry>
            <entry key="Mongo.sweet7-mongo-dev.t_order_report">
              <value>
                <TableInfoDTO>
                  <option name="fullColumn">
                    <list>
                      <ColumnInfoDTO>
                        <option name="custom" value="false" />
                        <option name="ext" value="{}" />
                        <option name="name" value="Id" />
                        <option name="type" value="java.lang.String" />
                      </ColumnInfoDTO>
                      <ColumnInfoDTO>
                        <option name="custom" value="false" />
                        <option name="ext" value="{}" />
                        <option name="name" value="Class" />
                        <option name="type" value="java.lang.String" />
                      </ColumnInfoDTO>
                      <ColumnInfoDTO>
                        <option name="custom" value="false" />
                        <option name="ext" value="{}" />
                        <option name="name" value="avgprice" />
                        <option name="type" value="java.lang.Integer" />
                      </ColumnInfoDTO>
                      <ColumnInfoDTO>
                        <option name="custom" value="false" />
                        <option name="ext" value="{}" />
                        <option name="name" value="businessday" />
                        <option name="type" value="java.lang.Integer" />
                      </ColumnInfoDTO>
                      <ColumnInfoDTO>
                        <option name="custom" value="false" />
                        <option name="ext" value="{}" />
                        <option name="name" value="businessmonth" />
                        <option name="type" value="java.lang.String" />
                      </ColumnInfoDTO>
                      <ColumnInfoDTO>
                        <option name="custom" value="false" />
                        <option name="ext" value="{}" />
                        <option name="name" value="businesstime" />
                        <option name="type" value="java.lang.String" />
                      </ColumnInfoDTO>
                      <ColumnInfoDTO>
                        <option name="custom" value="false" />
                        <option name="ext" value="{}" />
                        <option name="name" value="channel" />
                        <option name="type" value="java.lang.String" />
                      </ColumnInfoDTO>
                      <ColumnInfoDTO>
                        <option name="custom" value="false" />
                        <option name="ext" value="{}" />
                        <option name="name" value="discountprice" />
                        <option name="type" value="java.lang.Integer" />
                      </ColumnInfoDTO>
                      <ColumnInfoDTO>
                        <option name="custom" value="false" />
                        <option name="ext" value="{}" />
                        <option name="name" value="isnormal" />
                        <option name="type" value="java.lang.String" />
                      </ColumnInfoDTO>
                      <ColumnInfoDTO>
                        <option name="custom" value="false" />
                        <option name="ext" value="{}" />
                        <option name="name" value="isvip" />
                        <option name="type" value="java.lang.String" />
                      </ColumnInfoDTO>
                      <ColumnInfoDTO>
                        <option name="custom" value="false" />
                        <option name="ext" value="{}" />
                        <option name="name" value="orderquantities" />
                        <option name="type" value="java.lang.String" />
                      </ColumnInfoDTO>
                      <ColumnInfoDTO>
                        <option name="custom" value="false" />
                        <option name="ext" value="{}" />
                        <option name="name" value="originalprice" />
                        <option name="type" value="java.lang.Integer" />
                      </ColumnInfoDTO>
                      <ColumnInfoDTO>
                        <option name="custom" value="false" />
                        <option name="ext" value="{}" />
                        <option name="name" value="paidprice" />
                        <option name="type" value="java.lang.Integer" />
                      </ColumnInfoDTO>
                      <ColumnInfoDTO>
                        <option name="custom" value="false" />
                        <option name="ext" value="{}" />
                        <option name="name" value="sendtype" />
                        <option name="type" value="java.lang.String" />
                      </ColumnInfoDTO>
                      <ColumnInfoDTO>
                        <option name="custom" value="false" />
                        <option name="ext" value="{}" />
                        <option name="name" value="storecode" />
                        <option name="type" value="java.lang.String" />
                      </ColumnInfoDTO>
                      <ColumnInfoDTO>
                        <option name="custom" value="false" />
                        <option name="ext" value="{}" />
                        <option name="name" value="storename" />
                        <option name="type" value="java.lang.String" />
                      </ColumnInfoDTO>
                      <ColumnInfoDTO>
                        <option name="custom" value="false" />
                        <option name="ext" value="{}" />
                        <option name="name" value="timeinterval" />
                        <option name="type" value="java.lang.String" />
                      </ColumnInfoDTO>
                    </list>
                  </option>
                  <option name="name" value="TOrderReport" />
                  <option name="preName" value="" />
                  <option name="saveModelName" value="" />
                  <option name="savePackageName" value="" />
                  <option name="savePath" value="" />
                  <option name="templateGroupName" value="" />
                </TableInfoDTO>
              </value>
            </entry>
          </map>
        </option>
      </component>
      <component name="Encoding" native2AsciiForPropertiesFiles="true" defaultCharsetForPropertiesFiles="UTF-8">
        <file url="PROJECT" charset="UTF-8" />
      </component>
      <component name="MavenImportPreferences">
        <option name="generalSettings">
          <MavenGeneralSettings>
            <option name="localRepository" value="C:\all my love\apache-maven-3.6.1\repository" />
            <option name="mavenHome" value="C:/all my love/apache-maven-3.6.1" />
            <option name="userSettingsFile" value="C:\all my love\apache-maven-3.6.1\conf\Sweet7settings.xml" />
          </MavenGeneralSettings>
        </option>
      </component>
      <component name="ProjectDictionaryState">
        <dictionary name="L" />
      </component>
      <component name="ProjectInspectionProfilesVisibleTreeState">
        <entry key="Project Default">
          <profile-state>
            <expanded-state>
              <State />
              <State>
                <id>Android</id>
              </State>
              <State>
                <id>Angular</id>
              </State>
              <State>
                <id>Application SizePerformanceLintAndroid</id>
              </State>
              <State>
                <id>CodePlugin DevKit</id>
              </State>
              <State>
                <id>CodeSpring CoreSpring</id>
              </State>
              <State>
                <id>CorrectnessLintAndroid</id>
              </State>
              <State>
                <id>ECMAScript 6 migration aidsJavaScript</id>
              </State>
              <State>
                <id>FinalizationJava</id>
              </State>
              <State>
                <id>General</id>
              </State>
              <State>
                <id>GeneralJavaScript</id>
              </State>
              <State>
                <id>Groovy</id>
              </State>
              <State>
                <id>J2ME 问题Java</id>
              </State>
              <State>
                <id>JBoss Seam</id>
              </State>
              <State>
                <id>JSP</id>
              </State>
              <State>
                <id>JVM languages</id>
              </State>
              <State>
                <id>Java</id>
              </State>
              <State>
                <id>Java 8Java language level migration aidsJava</id>
              </State>
              <State>
                <id>Java interop issuesKotlin</id>
              </State>
              <State>
                <id>Java language level migration aidsJava</id>
              </State>
              <State>
                <id>JavaDocJava</id>
              </State>
              <State>
                <id>JavaScript</id>
              </State>
              <State>
                <id>Kotlin</id>
              </State>
              <State>
                <id>LintAndroid</id>
              </State>
              <State>
                <id>LintLintAndroid</id>
              </State>
              <State>
                <id>MigrationKotlin</id>
              </State>
              <State>
                <id>PerformanceLintAndroid</id>
              </State>
              <State>
                <id>Plugin DevKit</id>
              </State>
              <State>
                <id>Potentially confusing code constructsGroovy</id>
              </State>
              <State>
                <id>Probable bugsJavaScript</id>
              </State>
              <State>
                <id>Probable bugsKotlin</id>
              </State>
              <State>
                <id>SecurityLintAndroid</id>
              </State>
              <State>
                <id>Spelling</id>
              </State>
              <State>
                <id>Spring</id>
              </State>
              <State>
                <id>Spring CoreSpring</id>
              </State>
              <State>
                <id>TypeScript</id>
              </State>
              <State>
                <id>UI form</id>
              </State>
              <State>
                <id>UsabilityLintAndroid</id>
              </State>
              <State>
                <id>XPath</id>
              </State>
              <State>
                <id>代码样式问题Java</id>
              </State>
              <State>
                <id>代码样式问题JavaScript</id>
              </State>
              <State>
                <id>克隆问题Java</id>
              </State>
              <State>
                <id>冗余或多余的代码结构Java</id>
              </State>
              <State>
                <id>可能引起混淆的代码结构JavaScript</id>
              </State>
              <State>
                <id>可能的错误Java</id>
              </State>
              <State>
                <id>国际化</id>
              </State>
              <State>
                <id>国际化Java</id>
              </State>
              <State>
                <id>导入Java</id>
              </State>
              <State>
                <id>封装Java</id>
              </State>
              <State>
                <id>常规</id>
              </State>
              <State>
                <id>控制流问题Java</id>
              </State>
              <State>
                <id>数值问题Java</id>
              </State>
              <State>
                <id>数据流Java</id>
              </State>
              <State>
                <id>数据流JavaScript</id>
              </State>
              <State>
                <id>方法指标Java</id>
              </State>
              <State>
                <id>线程问题Java</id>
              </State>
              <State>
                <id>继承问题Java</id>
              </State>
            </expanded-state>
            <selected-state>
              <State>
                <id>Android</id>
              </State>
            </selected-state>
          </profile-state>
        </entry>
      </component>
      <component name="ProjectRootManager" version="2" languageLevel="JDK_1_8" project-jdk-name="1.8" project-jdk-type="JavaSDK" />
      <component name="ProjectViewState">
        <option name="showExcludedFiles" value="true" />
        <option name="showLibraryContents" value="true" />
      </component>
      <component name="PropertiesComponent">
        <property name="project.structure.last.edited" value="Global Libraries" />
        <property name="project.structure.proportion" value="0.0" />
        <property name="project.structure.side.proportion" value="0.2" />
        <property name="settings.editor.selected.configurable" value="configurable.group.build" />
      </component>
      <component name="masterDetails">
        <states>
          <state key="GlobalLibrariesConfigurable.UI">
            <settings>
              <splitter-proportions>
                <option name="proportions">
                  <list>
                    <option value="0.2" />
                  </list>
                </option>
              </splitter-proportions>
            </settings>
          </state>
          <state key="JdkListConfigurable.UI">
            <settings>
              <last-edited>1.8</last-edited>
              <splitter-proportions>
                <option name="proportions">
                  <list>
                    <option value="0.2" />
                  </list>
                </option>
              </splitter-proportions>
            </settings>
          </state>
          <state key="ProjectJDKs.UI">
            <settings>
              <last-edited>1.8</last-edited>
              <splitter-proportions>
                <option name="proportions">
                  <list>
                    <option value="0.2" />
                  </list>
                </option>
              </splitter-proportions>
            </settings>
          </state>
          <state key="ProjectLibrariesConfigurable.UI">
            <settings>
              <splitter-proportions>
                <option name="proportions">
                  <list>
                    <option value="0.2" />
                  </list>
                </option>
              </splitter-proportions>
            </settings>
          </state>
        </states>
      </component>
    </defaultProject>
  </component>
</application>