<keymap version="1" name="Default for Windows 正确重做" parent="$default">
  <action id="$ChooseTranslatorAction">
    <keyboard-shortcut first-keystroke="shift ctrl y" />
  </action>
  <action id="$EditorTranslateAction">
    <keyboard-shortcut first-keystroke="shift ctrl s" />
  </action>
  <action id="$Redo">
    <keyboard-shortcut first-keystroke="shift ctrl z" />
    <keyboard-shortcut first-keystroke="shift alt back_space" />
    <keyboard-shortcut first-keystroke="ctrl y" />
  </action>
  <action id="CloseContent">
    <keyboard-shortcut first-keystroke="ctrl w" />
  </action>
  <action id="EditorDeleteLine" />
  <action id="EditorSelectWord" />
  <action id="编辑 ChooseTranslatorAction">
    <keyboard-shortcut first-keystroke="shift ctrl y" />
  </action>
  <action id="编辑 EditorTranslateAction">
    <keyboard-shortcut first-keystroke="shift ctrl s" />
  </action>
</keymap>